transaction_id,source,target,amount,timestamp,currency
C01,A,B,100000.00,2026-01-01T10:00:00Z,INR
C02,B,C,98000.00,2026-01-01T10:02:00Z,INR
C03,C,D,96000.00,2026-01-01T10:04:00Z,INR
C04,D,A,94000.00,2026-01-01T10:06:00Z,INR
R01,R1,R2,50000.00,2026-01-01T11:00:00Z,INR
R02,R2,R3,49000.00,2026-01-01T11:03:00Z,INR
S01,S1,S2,1000.00,2026-01-01T12:00:00Z,INR
S02,S2,S3,900.00,2026-01-01T12:04:00Z,INR
S03,S1,S2,2000.00,2026-01-01T15:00:00Z,INR
N01,N01,N02,2500.00,2026-01-01T08:00:00Z,INR
N02,N02,N03,1800.00,2026-01-01T17:00:00Z,INR
N03,N04,N05,700.00,2026-01-01T09:00:00Z,INR
N04,N06,N07,1200.00,2026-01-01T09:30:00Z,INR
N05,N08,N09,4000.00,2026-01-01T13:00:00Z,INR
E01,E1,E2,10000.00,2026-01-01T14:00:00Z,INR
E02,E2,E3,9500.00,2026-01-01T13:59:00Z,INR
E03,E3,E1,9000.00,2026-01-01T15:10:00Z,INR